restaurant_id,restaurant_name,city,cuisine,rating,avg_preparation_time
R0001,Restaurant_1,Noida,Biryani,2.8,27
R0002,Restaurant_2,Pune,Mughlai,4.3,24
R0003,Restaurant_3,Mumbai,South Indian,3.4,34
R0004,Restaurant_4,Pune,North Indian,4.9,41
R0005,Restaurant_5,Bangalore,Mughlai,3.3,29
R0006,Restaurant_6,Mumbai,Cafe,5.0,26
R0007,Restaurant_7,Delhi,South Indian,3.0,20
R0008,Restaurant_8,Chennai,Mughlai,2.8,22
R0009,Restaurant_9,Meerut,Chinese,3.3,34
R0010,Restaurant_10,Ghaziabad,Biryani,4.7,29
R0011,Restaurant_11,Chennai,Chinese,3.8,34
R0012,Restaurant_12,Gurgaon,Healthy,2.8,40
R0013,Restaurant_13,Noida,Fast Food,3.0,10
R0014,Restaurant_14,Hyderabad,South Indian,3.3,25
R0015,Restaurant_15,Pune,Desserts,4.0,37
R0016,Restaurant_16,Chennai,Desserts,3.3,30
R0017,Restaurant_17,Noida,Mughlai,4.4,39
R0018,Restaurant_18,Bangalore,Biryani,4.0,12
R0019,Restaurant_19,Gurgaon,North Indian,4.7,43
R0020,Restaurant_20,Gurgaon,Desserts,3.8,15
R0021,Restaurant_21,Meerut,North Indian,3.3,38
R0022,Restaurant_22,Mumbai,Desserts,5.0,12
R0023,Restaurant_23,Mumbai,South Indian,3.4,42
R0024,Restaurant_24,Chennai,Desserts,3.6,20
R0025,Restaurant_25,Delhi,Healthy,4.5,14
R0026,Restaurant_26,Mumbai,Italian,2.7,41
R0027,Restaurant_27,Mumbai,Mughlai,3.5,27
R0028,Restaurant_28,Bangalore,Fast Food,2.7,29
R0029,Restaurant_29,Bangalore,Desserts,2.8,37
R0030,Restaurant_30,Noida,Biryani,2.5,22
R0031,Restaurant_31,Gurgaon,Fast Food,2.5,35
R0032,Restaurant_32,Gurgaon,North Indian,3.5,25
R0033,Restaurant_33,Gurgaon,Chinese,4.5,34
R0034,Restaurant_34,Noida,Healthy,4.0,19
R0035,Restaurant_35,Hyderabad,Cafe,4.1,38
R0036,Restaurant_36,Bangalore,Cafe,3.8,29
R0037,Restaurant_37,Noida,Fast Food,4.5,35
R0038,Restaurant_38,Gurgaon,Chinese,4.7,41
R0039,Restaurant_39,Chennai,Biryani,4.6,33
R0040,Restaurant_40,Bangalore,Fast Food,4.5,40
R0041,Restaurant_41,Ghaziabad,North Indian,3.0,21
R0042,Restaurant_42,Mumbai,South Indian,4.0,19
R0043,Restaurant_43,Bangalore,Fast Food,4.0,15
R0044,Restaurant_44,Bangalore,Cafe,3.8,16
R0045,Restaurant_45,Gurgaon,Italian,3.7,40
R0046,Restaurant_46,Pune,Cafe,2.7,36
R0047,Restaurant_47,Hyderabad,Chinese,2.8,17
R0048,Restaurant_48,Bangalore,North Indian,4.8,12
R0049,Restaurant_49,Noida,Biryani,4.1,30
R0050,Restaurant_50,Delhi,Healthy,3.2,10
R0051,Restaurant_51,Gurgaon,Mughlai,3.2,24
R0052,Restaurant_52,Gurgaon,Italian,4.0,16
R0053,Restaurant_53,Pune,Healthy,3.5,24
R0054,Restaurant_54,Meerut,Fast Food,3.6,34
R0055,Restaurant_55,Delhi,Italian,2.7,12
R0056,Restaurant_56,Ghaziabad,Chinese,2.8,39
R0057,Restaurant_57,Mumbai,North Indian,3.5,23
R0058,Restaurant_58,Meerut,Biryani,4.2,13
R0059,Restaurant_59,Chennai,Healthy,2.6,12
R0060,Restaurant_60,Bangalore,Fast Food,3.3,14
R0061,Restaurant_61,Chennai,North Indian,4.2,34
R0062,Restaurant_62,Ghaziabad,Fast Food,4.5,40
R0063,Restaurant_63,Noida,Biryani,3.0,20
R0064,Restaurant_64,Hyderabad,Healthy,4.3,17
R0065,Restaurant_65,Noida,Fast Food,4.9,35
R0066,Restaurant_66,Noida,North Indian,4.8,11
R0067,Restaurant_67,Noida,Fast Food,4.5,37
R0068,Restaurant_68,Delhi,Healthy,4.3,19
R0069,Restaurant_69,Gurgaon,North Indian,3.1,30
R0070,Restaurant_70,Bangalore,Chinese,4.1,37
R0071,Restaurant_71,Mumbai,South Indian,4.1,42
R0072,Restaurant_72,Delhi,North Indian,3.5,20
R0073,Restaurant_73,Meerut,Italian,3.7,10
R0074,Restaurant_74,Meerut,South Indian,4.2,42
R0075,Restaurant_75,Delhi,Fast Food,4.9,12
R0076,Restaurant_76,Ghaziabad,Healthy,3.2,35
R0077,Restaurant_77,Chennai,North Indian,3.1,24
R0078,Restaurant_78,Delhi,Healthy,4.0,23
R0079,Restaurant_79,Delhi,North Indian,2.8,32
R0080,Restaurant_80,Mumbai,Healthy,4.0,17
R0081,Restaurant_81,Mumbai,Italian,2.7,29
R0082,Restaurant_82,Gurgaon,Mughlai,3.7,15
R0083,Restaurant_83,Mumbai,South Indian,4.1,42
R0084,Restaurant_84,Gurgaon,South Indian,2.7,37
R0085,Restaurant_85,Noida,North Indian,3.0,39
R0086,Restaurant_86,Chennai,Fast Food,3.3,26
R0087,Restaurant_87,Ghaziabad,Biryani,3.4,18
R0088,Restaurant_88,Chennai,Biryani,4.2,37
R0089,Restaurant_89,Gurgaon,South Indian,3.8,16
R0090,Restaurant_90,Mumbai,Mughlai,3.5,37
R0091,Restaurant_91,Delhi,Biryani,3.6,26
R0092,Restaurant_92,Bangalore,Desserts,2.5,14
R0093,Restaurant_93,Noida,Biryani,4.4,14
R0094,Restaurant_94,Pune,Cafe,2.6,23
R0095,Restaurant_95,Meerut,Healthy,4.6,15
R0096,Restaurant_96,Gurgaon,South Indian,3.9,16
R0097,Restaurant_97,Chennai,Mughlai,3.8,26
R0098,Restaurant_98,Mumbai,Fast Food,4.3,18
R0099,Restaurant_99,Noida,North Indian,4.6,40
R0100,Restaurant_100,Meerut,Chinese,4.9,31
R0101,Restaurant_101,Pune,Italian,3.9,18
R0102,Restaurant_102,Delhi,South Indian,2.9,25
R0103,Restaurant_103,Delhi,Mughlai,4.7,43
R0104,Restaurant_104,Gurgaon,North Indian,2.6,22
R0105,Restaurant_105,Gurgaon,Chinese,4.5,28
R0106,Restaurant_106,Mumbai,Cafe,4.2,21
R0107,Restaurant_107,Bangalore,South Indian,4.8,19
R0108,Restaurant_108,Mumbai,Fast Food,4.7,25
R0109,Restaurant_109,Ghaziabad,Italian,2.6,37
R0110,Restaurant_110,Noida,Chinese,4.0,28
R0111,Restaurant_111,Noida,Fast Food,2.8,15
R0112,Restaurant_112,Chennai,Biryani,2.7,13
R0113,Restaurant_113,Delhi,North Indian,3.6,39
R0114,Restaurant_114,Hyderabad,South Indian,2.7,40
R0115,Restaurant_115,Mumbai,North Indian,4.3,36
R0116,Restaurant_116,Chennai,Chinese,4.9,30
R0117,Restaurant_117,Gurgaon,Desserts,3.9,18
R0118,Restaurant_118,Noida,Desserts,3.1,44
R0119,Restaurant_119,Gurgaon,Italian,4.6,30
R0120,Restaurant_120,Mumbai,Biryani,4.6,26
R0121,Restaurant_121,Meerut,Cafe,4.3,33
R0122,Restaurant_122,Gurgaon,Mughlai,4.0,40
R0123,Restaurant_123,Hyderabad,South Indian,4.7,15
R0124,Restaurant_124,Noida,South Indian,2.9,44
R0125,Restaurant_125,Mumbai,Chinese,4.8,22
R0126,Restaurant_126,Chennai,Desserts,4.9,34
R0127,Restaurant_127,Bangalore,Healthy,4.7,41
R0128,Restaurant_128,Bangalore,Cafe,3.1,10
R0129,Restaurant_129,Mumbai,Chinese,4.6,44
R0130,Restaurant_130,Bangalore,Cafe,3.7,28
R0131,Restaurant_131,Noida,Healthy,4.0,21
R0132,Restaurant_132,Meerut,Desserts,4.6,29
R0133,Restaurant_133,Gurgaon,Fast Food,2.6,42
R0134,Restaurant_134,Hyderabad,Healthy,3.4,38
R0135,Restaurant_135,Pune,Chinese,4.5,25
R0136,Restaurant_136,Chennai,Mughlai,4.5,23
R0137,Restaurant_137,Noida,Cafe,4.6,16
R0138,Restaurant_138,Delhi,Biryani,2.9,15
R0139,Restaurant_139,Ghaziabad,Chinese,4.3,30
R0140,Restaurant_140,Ghaziabad,Fast Food,2.9,31
R0141,Restaurant_141,Chennai,Mughlai,4.5,28
R0142,Restaurant_142,Noida,Desserts,3.1,34
R0143,Restaurant_143,Mumbai,Italian,4.3,12
R0144,Restaurant_144,Gurgaon,South Indian,3.6,43
R0145,Restaurant_145,Mumbai,Healthy,5.0,20
R0146,Restaurant_146,Mumbai,South Indian,3.9,36
R0147,Restaurant_147,Delhi,Chinese,4.1,11
R0148,Restaurant_148,Bangalore,Desserts,3.4,15
R0149,Restaurant_149,Ghaziabad,North Indian,4.3,11
R0150,Restaurant_150,Pune,Mughlai,3.7,26
R0151,Restaurant_151,Pune,Biryani,2.5,23
R0152,Restaurant_152,Gurgaon,South Indian,4.0,19
R0153,Restaurant_153,Ghaziabad,Cafe,4.6,42
R0154,Restaurant_154,Delhi,Fast Food,3.1,21
R0155,Restaurant_155,Chennai,South Indian,3.1,41
R0156,Restaurant_156,Noida,Chinese,4.0,33
R0157,Restaurant_157,Mumbai,Mughlai,4.5,23
R0158,Restaurant_158,Mumbai,Mughlai,3.1,14
R0159,Restaurant_159,Hyderabad,Healthy,4.8,14
R0160,Restaurant_160,Chennai,North Indian,4.8,41
R0161,Restaurant_161,Hyderabad,Healthy,3.0,42
R0162,Restaurant_162,Hyderabad,Italian,3.2,13
R0163,Restaurant_163,Bangalore,Biryani,4.3,39
R0164,Restaurant_164,Pune,Desserts,4.9,26
R0165,Restaurant_165,Hyderabad,Chinese,4.3,12
R0166,Restaurant_166,Mumbai,Chinese,3.6,22
R0167,Restaurant_167,Ghaziabad,Desserts,2.9,27
R0168,Restaurant_168,Ghaziabad,Desserts,3.7,32
R0169,Restaurant_169,Bangalore,Desserts,4.0,44
R0170,Restaurant_170,Ghaziabad,North Indian,3.3,42
R0171,Restaurant_171,Mumbai,Desserts,3.8,26
R0172,Restaurant_172,Pune,Desserts,2.8,43
R0173,Restaurant_173,Pune,South Indian,3.6,21
R0174,Restaurant_174,Pune,Cafe,2.7,14
R0175,Restaurant_175,Noida,Mughlai,2.6,36
R0176,Restaurant_176,Chennai,Desserts,4.6,22
R0177,Restaurant_177,Noida,South Indian,3.0,35
R0178,Restaurant_178,Noida,Italian,3.9,23
R0179,Restaurant_179,Noida,Mughlai,2.9,41
R0180,Restaurant_180,Ghaziabad,Biryani,3.2,20
R0181,Restaurant_181,Meerut,Mughlai,3.4,25
R0182,Restaurant_182,Ghaziabad,North Indian,2.9,31
R0183,Restaurant_183,Meerut,Desserts,2.6,25
R0184,Restaurant_184,Ghaziabad,Mughlai,4.7,22
R0185,Restaurant_185,Mumbai,Italian,2.5,21
R0186,Restaurant_186,Chennai,North Indian,2.7,27
R0187,Restaurant_187,Delhi,Desserts,4.5,38
R0188,Restaurant_188,Delhi,Healthy,3.2,27
R0189,Restaurant_189,Noida,Mughlai,4.3,11
R0190,Restaurant_190,Delhi,Desserts,2.9,11
R0191,Restaurant_191,Chennai,Healthy,3.1,12
R0192,Restaurant_192,Chennai,North Indian,3.9,38
R0193,Restaurant_193,Gurgaon,Fast Food,5.0,17
R0194,Restaurant_194,Bangalore,Cafe,2.7,20
R0195,Restaurant_195,Chennai,Fast Food,3.5,21
R0196,Restaurant_196,Bangalore,Healthy,2.6,41
R0197,Restaurant_197,Delhi,Chinese,3.0,13
R0198,Restaurant_198,Bangalore,Cafe,4.8,18
R0199,Restaurant_199,Meerut,Cafe,2.7,33
R0200,Restaurant_200,Mumbai,Italian,4.6,25
